Workbook

Sheet ปะหน้าขนส่ง
A1: Y.K. Logistics CO., LTD. บริษัท วาย.เค. ลอจิสติค จำกัด (สำนักงานใหญ่) 70 หมู่ 5 ตำบล เชียงรากน้อย อำเภอบางปะอิน จังหวัดพระนครศรีอยุธยา 13180 เลขประจำตัวผู้เสียภาษี 3031901704 ทะเบียนเลขที่ 0125548009248
A6: ใบปะหน้าวางบิลค่าขนส่ง
A8: ชื่อลูกค้า/Customer | B8: บริษัท คาร์โก้ โทเทิล โลจีสติกส์ จำกัด (สำนักงานใหญ่)
I9: วันที่ Date | J9: =ค่าขนส่ง!K8 -> 46179
I10: Rev.
A11: ที่อยู่ / Adress | B11: =ค่าขนส่ง!C12 -> 599/43 ถนนรัชดาภิเษก แขวงจตุจักร เขตจตุจักร กรุงเทพมหานคร 10900
B12: =ค่าขนส่ง!C13 -> TAX ID. 0-1055-50001-65-8 | I12: เงื่อนไขการชำระเงิน | J12: วันที่ครบกำหนด
A14: ลำดับที่ | C14: รายละเอียด | H14: จำนวน | I14: ราคาต่อหน่วย | J14: จำนวนเงิน
A15: Item | C15: Description | H15: Quantity | I15: Unit / Price | J15: Amount
A16: 1 | B16: =ค่าขนส่ง!$G$8&" "&ค่าขนส่ง!$G16&" "&"ค่าขนส่ง FLEX-2296829" -> KLIV2606-001 THAILE ค่าขนส่ง FLEX-2296829 | H16: 1 | I16: =ค่าขนส่ง!J31 -> 6000 | J16: =I16 -> 6000
A17: 1 | B17: =ค่าขนส่ง!$G$8&" "&ค่าขนส่ง!$G16&" "&"ค่าขนส่ง BL. "&ค่าขนส่ง!H16 -> KLIV2606-001 THAILE ค่าขนส่ง BL. GOSUSHH32169971 | H17: 1 | I17: =ค่าขนส่ง!J31 -> 6000 | J17: =I17 -> 6000
A18: 2 | B18: =ค่าทดรองจ่าย!$G$8&" "&ค่าทดรองจ่าย!$G16&" "&" ค่าใช้จ่าย BL. "&ค่าทดรองจ่าย!H16 -> KLIV2606-001AD THAILE ค่าใช้จ่าย BL. GOSUSHH32169971 | H18: 1 | I18: =ค่าทดรองจ่าย!J31 -> 1036.25 | J18: =I18 -> 1036.25
A37: บาท (Baht) | C37: =BAHTTEXT(J39) -> เจ็ดพันสามสิบหกบาทยี่สิบห้าสตางค์ | H37: รวมเงิน (Subtotal) | J37: =SUM(J17:J36) -> 7036.25
H38: ภาษีมูลค่าเพิ่ม (Value Added Tax) 7% | J38: 0
H39: จำนวนเงินทั้งสิ้น (Grand Total) | J39: =SUM(J37:J38) -> 7036.25
A43: ผู้วางบิล | F43: ผู้รับใบวางบิล | I43: วันนัดรับเช็ค
A47: ใบแจ้งหนี้ทุกฉบับจะต้องชำระเงินภายในเวลาที่ตกลงกันไว้ และ/หรือ ชำระเงินภายในกำหนดข้างต้น มิฉะนั้นทางบริษัทฯจะคิดอัตราดอกเบี้ย ตามที่กฎหมายระบุไว้สูงสุด เมื่อชำระเงินแล้วโปรดเรียกใบเสร็จรับเงิน จากทางบริษัทฯทุกครั้ง

Sheet ค่าขนส่ง
A1: Y.K. Logistics Co.,ltd
A2: บริษัท วาย.เค. ลอจิสติค จำกัด (สำนักงานใหญ่)
A3: 70 หมู่ 5 ตำบลเชียงรากน้อย อำเภอบางปะอิน จังหวัดพระนครศรีอยุธยา 13180
A4: เลขประจำตัวผู้เสียภาษี 0125548009248
A5: ใบแจ้งหนี้ / INVOICE
A8: ใบแจ้งหนี้เลขที่ | G8: KLIV2606-001 | J8: วันที่ | K8: 46179
J9: DATE
A11: CUSTOMER : | C11: บริษัท คาร์โก้ โทเทิล โลจีสติกส์ จำกัด (สำนักงานใหญ่)
A12: ADDRESS : | C12: 599/43 ถนนรัชดาภิเษก แขวงจตุจักร เขตจตุจักร กรุงเทพมหานคร 10900
C13: TAX ID. 0-1055-50001-65-8 | K13: เรทน้ำมัน = 39.97
A14: ลำดับ | B14: รายการบรรทุก | D14: CONT | E14: SIZE | F14: ทะเบียนรถ | G14: CUST. | H14: BL. | I14: วันที่บรรทุก | J14: จำนวนเงิน | K14: หมายเหตุ
A15: ITEM | B15: TRUCK LIST | F15: TRUCK NO. | I15: DATE | J15: AMOUNT | K15: REMAKR
A16: 1 | B16: KERRY-THAILE-ECONIC | D16: TEMU1044610 | E16: 20 | F16: 71-6802 | G16: THAILE | H16: GOSUSHH32169971 | I16: 46177 | J16: 6000 | K16: ค่าขนส่ง
A31: =BAHTTEXT(J31) -> หกพันบาทถ้วน | J31: =SUM(J16:J30) -> 6000
A35: ผู้วางบิล.……………………….………
A36: วันที่ | B36: =K8 -> 46179
A39: หมายเหตุ : ใบแจ้งนี้ทุกฉบับจะต้องชำระเงินภายในเวลาที่ตกลงกันไว้และ/หรือ ชำระเงินภายในกำหนดข้างต้น มิฉะนั้นทางบริษัทฯจะคิดอัตราดอกเบี้ย
A40: ตามที่กฎหมายระบุไว้สูงสุด เมื่อชำระเงินแล้วโปรดเรียกใบเสร็จรับเงิน จากบริษัทฯทุกครั้ง

Sheet ค่าทดรองจ่าย
A1: Y.K. Logistics Co.,ltd
A2: บริษัท วาย.เค. ลอจิสติค จำกัด (สำนักงานใหญ่)
A3: 70 หมู่ 5 ตำบลเชียงรากน้อย อำเภอบางปะอิน จังหวัดพระนครศรีอยุธยา 13180
A4: เลขประจำตัวผู้เสียภาษี 0125548009248
A5: ใบแจ้งหนี้ทดรองจ่าย / Advance Billing
A8: ใบแจ้งยอดทดรองเลขที่ | G8: =""&ค่าขนส่ง!G8&"AD" -> KLIV2606-001AD | J8: วันที่ | K8: =ค่าขนส่ง!K8 -> 46179
J9: DATE
A11: CUSTOMER : | C11: =ค่าขนส่ง!C11 -> บริษัท คาร์โก้ โทเทิล โลจีสติกส์ จำกัด (สำนักงานใหญ่)
A12: ADDRESS : | C12: =ค่าขนส่ง!C12 -> 599/43 ถนนรัชดาภิเษก แขวงจตุจักร เขตจตุจักร กรุงเทพมหานคร 10900
C13: =ค่าขนส่ง!C13 -> TAX ID. 0-1055-50001-65-8
A14: ลำดับ | B14: รายการบรรทุก | D14: CONT | E14: SIZE | F14: ทะเบียนรถ | G14: CUST. | H14: BL. | I14: วันที่บรรทุก | J14: จำนวนเงิน | K14: หมายเหตุ
A15: ITEM | B15: TRUCK LIST | F15: TRUCK NO. | I15: DATE | J15: AMOUNT | K15: REMAKR
A16: 1 | B16: =ค่าขนส่ง!B16 -> KERRY-THAILE-ECONIC | D16: =ค่าขนส่ง!D16 -> TEMU1044610 | E16: =ค่าขนส่ง!E16 -> 20 | F16: =ค่าขนส่ง!F16 -> 71-6802 | G16: =ค่าขนส่ง!G16 -> THAILE | H16: =ค่าขนส่ง!H16 -> GOSUSHH32169971 | I16: =ค่าขนส่ง!I16 -> 46177 | J16: 1036.25 | K16: Lift off,Gate Charge,Gate ChargeLCB
A31: =BAHTTEXT(J31) -> หนึ่งพันสามสิบหกบาทยี่สิบห้าสตางค์ | J31: =SUM(J16:J30) -> 1036.25
A35: ผู้วางบิล.……………………….………
A36: วันที่ | B36: =K8 -> 46179
A39: หมายเหตุ : ใบแจ้งนี้ทุกฉบับจะต้องชำระเงินภายในเวลาที่ตกลงกันไว้และ/หรือ ชำระเงินภายในกำหนดข้างต้น มิฉะนั้นทางบริษัทฯจะคิดอัตราดอกเบี้ย
A40: ตามที่กฎหมายระบุไว้สูงสุด เมื่อชำระเงินแล้วโปรดเรียกใบเสร็จรับเงิน จากบริษัทฯทุกครั้ง
