Workbook

Sheet ปะหน้า
A1: Y.K. Logistics CO., LTD. บริษัท วาย.เค. ลอจิสติค จำกัด (สำนักงานใหญ่) 70 หมู่ 5 ตำบล เชียงรากน้อย อำเภอบางปะอิน จังหวัดพระนครศรีอยุธยา 13180 เลขประจำตัวผู้เสียภาษี 0125548009248
A6: ใบปะหน้าวางบิลค่าขนส่ง
A8: ชื่อลูกค้า/Customer | B8: =ค่าขนส่ง!C11 -> บริษัท นิปปอน เอ็กซ์เพรส โลจิสติกส์ (ประเทศไทย) จำกัด
I9: วันที่ Date | J9: =ค่าขนส่ง!K8 -> 46170
I10: Rev.
A11: ที่อยู่ / Adress | B11: =ค่าขนส่ง!C12 -> 700/1057 ม.9 ต.มาบโป่ง อ.พานทอง จ.ชลบุรี 20160
B12: =ค่าขนส่ง!C13 -> เลขประจำตัวผู้เสียภาษี 0105534021577 | I12: เงื่อนไขการชำระเงิน | J12: วันที่ครบกำหนด
A14: ลำดับที่ | C14: รายละเอียด | H14: จำนวน | I14: ราคาต่อหน่วย | J14: จำนวนเงิน
A15: Item | C15: Description | H15: Quantity | I15: Unit / Price | J15: Amount
A16: 1 | B16: =ค่าขนส่ง!$G$8&" "&ค่าขนส่ง!$G16&" "&"ค่าขนส่ง" -> NTIV2605-001 KAO ค่าขนส่ง | H16: 1 | I16: =ค่าขนส่ง!J31 -> 4848 | J16: =I16 -> 4848
A17: 2 | B17: =ค่าทดรองจ่าย!$G$8&" "&ค่าทดรองจ่าย!$G16&" "&"ค่าใช้จ่าย" -> NTIV2605-001AD KAO ค่าใช้จ่าย | H17: 1 | I17: =ค่าทดรองจ่าย!J32 -> 1326 | J17: =I17 -> 1326
A37: บาท (Baht) | C37: =BAHTTEXT(J39) -> หกพันหนึ่งร้อยเจ็ดสิบสี่บาทถ้วน | H37: รวมเงิน (Subtotal) | J37: =SUM(J14:J36) -> 6174
H38: ภาษีมูลค่าเพิ่ม (Value Added Tax) 7% | J38: 0
H39: จำนวนเงินทั้งสิ้น (Grand Total) | J39: =SUM(J37:J38) -> 6174
A43: ผู้วางบิล | F43: ผู้รับใบวางบิล | I43: วันนัดรับเช็ค
A47: ใบแจ้งหนี้ทุกฉบับจะต้องชำระเงินภายในเวลาที่ตกลงกันไว้ และ/หรือ ชำระเงินภายในกำหนดข้างต้น มิฉะนั้นทางบริษัทฯจะคิดอัตราดอกเบี้ย ตามที่กฎหมายระบุไว้สูงสุด เมื่อชำระเงินแล้วโปรดเรียกใบเสร็จรับเงิน จากทางบริษัทฯทุกครั้ง

Sheet ค่าขนส่ง
A1: Y.K. Logistics Co.,ltd
A2: บริษัท วาย.เค. ลอจิสติค จำกัด (สำนักงานใหญ่)
A3: 70 หมู่ 5 ตำบลเชียงรากน้อย อำเภอบางปะอิน จังหวัดพระนครศรีอยุธยา 13180
A4: เลขประจำตัวผู้เสียภาษี 0125548009248
A5: ใบแจ้งหนี้ / INVOICE
A8: ใบแจ้งหนี้เลขที่ | G8: NTIV2605-001 | J8: วันที่ | K8: 46170
J9: DATE
A11: CUSTOMER : | C11: บริษัท นิปปอน เอ็กซ์เพรส โลจิสติกส์ (ประเทศไทย) จำกัด
A12: ADDRESS : | C12: 700/1057 ม.9 ต.มาบโป่ง อ.พานทอง จ.ชลบุรี 20160
C13: เลขประจำตัวผู้เสียภาษี 0105534021577 | K13: เรทน้ำมัน = 39.97
A14: ลำดับ | B14: รายการบรรทุก | D14: CONT | E14: SIZE | F14: ทะเบียนรถ | G14: CUST. | H14: JOB | I14: วันที่บรรทุก | J14: จำนวนเงิน | K14: หมายเหตุ
A15: ITEM | B15: TRUCK LIST | F15: TRUCK NO. | I15: DATE | J15: AMOUNT | K15: REMAKR
A16: 1 | B16: LCB-KAO | D16: APSU4234033 | E16: 40 | F16: 72-1218 | G16: KAO | H16: APTLCBJKT260500047 | I16: 46154 | J16: 4848 | K16: ค่าขนส่ง
A31: =BAHTTEXT(J31) -> สี่พันแปดร้อยสี่สิบแปดบาทถ้วน | J31: =SUM(J16:J30) -> 4848
A35: ผู้วางบิล.……………………….………
A36: วันที่ | B36: =K8 -> 46170
A39: หมายเหตุ : ใบแจ้งนี้ทุกฉบับจะต้องชำระเงินภายในเวลาที่ตกลงกันไว้และ/หรือ ชำระเงินภายในกำหนดข้างต้น มิฉะนั้นทางบริษัทฯจะคิดอัตราดอกเบี้ย
A40: ตามที่กฎหมายระบุไว้สูงสุด เมื่อชำระเงินแล้วโปรดเรียกใบเสร็จรับเงิน จากบริษัทฯทุกครั้ง

Sheet ค่าทดรองจ่าย
A1: Y.K. Logistics Co.,ltd
A2: บริษัท วาย.เค. ลอจิสติค จำกัด (สำนักงานใหญ่)
A3: 70 หมู่ 5 ตำบลเชียงรากน้อย อำเภอบางปะอิน จังหวัดพระนครศรีอยุธยา 13180
A4: เลขประจำตัวผู้เสียภาษี 0125548009248
A5: ใบแจ้งหนี้ทดรองจ่าย / Advance Billing
A8: ใบแจ้งยอดทดรองเลขที่ | G8: =""&ค่าขนส่ง!G8&"AD" -> NTIV2605-001AD | J8: วันที่ | K8: =ค่าขนส่ง!K8 -> 46170
J9: DATE
A11: CUSTOMER : | C11: =ค่าขนส่ง!C11 -> บริษัท นิปปอน เอ็กซ์เพรส โลจิสติกส์ (ประเทศไทย) จำกัด
A12: ADDRESS : | C12: =ค่าขนส่ง!C12 -> 700/1057 ม.9 ต.มาบโป่ง อ.พานทอง จ.ชลบุรี 20160
C13: =ค่าขนส่ง!C13 -> เลขประจำตัวผู้เสียภาษี 0105534021577
A14: ลำดับ | B14: รายการบรรทุก | D14: CONT | E14: SIZE | F14: ทะเบียนรถ | G14: CUST. | H14: JOB | I14: วันที่บรรทุก | J14: จำนวนเงิน | K14: หมายเหตุ
A15: ITEM | B15: TRUCK LIST | F15: TRUCK NO. | I15: DATE | J15: AMOUNT | K15: REMAKR
A16: =ค่าขนส่ง!A16 -> 1 | B16: =ค่าขนส่ง!B16 -> LCB-KAO | D16: =ค่าขนส่ง!D16 -> APSU4234033 | E16: =ค่าขนส่ง!E16 -> 40 | F16: =ค่าขนส่ง!F16 -> 72-1218 | G16: =ค่าขนส่ง!G16 -> KAO | H16: =ค่าขนส่ง!H16 -> APTLCBJKT260500047 | I16: =ค่าขนส่ง!I16 -> 46154 | J16: 1326 | K16: =IF(B16<>"","ค่าใช้จ่าย","") -> ค่าใช้จ่าย
A32: =BAHTTEXT(J32) -> หนึ่งพันสามร้อยยี่สิบหกบาทถ้วน | J32: =SUM(J16:J31) -> 1326
A36: ผู้วางบิล.……………………….………
A37: วันที่ | B37: =K8 -> 46170
A40: หมายเหตุ : ใบแจ้งนี้ทุกฉบับจะต้องชำระเงินภายในเวลาที่ตกลงกันไว้และ/หรือ ชำระเงินภายในกำหนดข้างต้น มิฉะนั้นทางบริษัทฯจะคิดอัตราดอกเบี้ย
A41: ตามที่กฎหมายระบุไว้สูงสุด เมื่อชำระเงินแล้วโปรดเรียกใบเสร็จรับเงิน จากบริษัทฯทุกครั้ง
