Workbook

Sheet ONE_PAGE_SUMMARY
A1: Topic | B1: Value
A2: Billing date basis | B2: Dest_In date
A3: Actual trips total | B3: 45
A4: Commit min trips total | B4: 60
A5: Shortfall trips total | B5: 18
A6: Extra charge total | B6: 140000
A7: Matched trips (all dates) | B7: 59

Sheet Billing_Inputs
A1: Key | B1: Value | C1: Notes
A2: RATE_9_11 | B2: 7500 | C2: 9-11 Apr 2026 (agreed)
A3: RATE_12_15 | B3: 8000 | C3: 12-15 Apr 2026 (agreed)
A4: WAIT_ORIGIN_THB_PER_H | C4: fill later
A5: WAIT_DEST_THB_PER_H | C5: fill later
A6: FREE_WAIT_ORIGIN_H | B6: 0 | C6: optional
A7: FREE_WAIT_DEST_H | B7: 0 | C7: optional
A8: SHORTFALL_THB_PER_TRIP | C8: optional override; blank uses day rate

Sheet Info
A1: Metric | B1: Value
A2: Origin point file | B2: Y.K._Logistics_Solutions_Service_Co.,_Ltd._รายงานการผ่านจุด_17.04.2026_13-04-41 Oatside.xlsx
A3: Destination point file | B3: Y.K._Logistics_Solutions_Service_Co.,_Ltd._รายงานการผ่านจุด_17.04.2026_13-05-19 P&G เวลล์โกล.xlsx
A4: Matching method | B4: DP sequence match with skip penalty 6h and max gap 30h
A5: Matched trips | B5: 59
A6: Unmatched origin events | B6: 9
A7: Unmatched destination events | B7: 3
A8: Travel abnormal threshold (hours) | B8: 8
A9: BigC rule | B9: 71-5041,71-5042,71-8000..71-8009
A11: Daily_Time_24h_Check
A12: Matched_Cycle_h: sum of Total_Cycle_h from Trip_Detail grouped by Trip_Date + Plate. Unmatched_*: sum of (Out-In) from Unmatched_Log by calendar date of In + Plate; split Origin/Dest. Combined_h = Matched + Unmatched_Total. Gap_vs_24_h = 24 - Combined (remaining time not from these logs).

Sheet Trip_Detail
A1: Trip_Date | B1: Origin_Date | C1: Dest_Date | D1: Site | E1: Plate | F1: Device | G1: Origin_Row | H1: Dest_Row | I1: Origin_In | J1: Origin_Out | K1: Origin_Wait_h | L1: Dest_In | M1: Dest_Out | N1: Travel_h(OriginOut->DestIn) | O1: Dest_Wait_h | P1: Total_Cycle_h | Q1: Travel_Flag | R1: Billable_Trip | S1: Origin_Wait_Chargeable_h | T1: Dest_Wait_Chargeable_h
A2: 2026-04-09 | B2: 2026-04-09 | C2: 2026-04-09 | D2: BigC | E2: 71-8002 | F2: 71-8002 สมประสงค์ หัวลาก10W | G2: 1.1 | H2: 1.1 | I2: 2026-04-09 07:55:45 | J2: 2026-04-09 11:54:55 | K2: 3.99 | L2: 2026-04-09 13:56:01 | M2: 2026-04-09 14:56:57 | N2: 2.02 | O2: 1.02 | P2: 7.02 | R2: 1 | S2: =MAX(0,K2-Billing_Inputs!$B$6) | T2: =MAX(0,O2-Billing_Inputs!$B$7)
A3: 2026-04-09 | B3: 2026-04-09 | C3: 2026-04-09 | D3: BigC | E3: 71-8001 | F3: 71-8001 ธนวัฒน์ หัวลาก10W | G3: 2.1 | H3: 2.1 | I3: 2026-04-09 08:10:23 | J3: 2026-04-09 12:58:54 | K3: 4.81 | L3: 2026-04-09 14:58:13 | M3: 2026-04-09 16:05:16 | N3: 1.99 | O3: 1.12 | P3: 7.91 | R3: 1 | S3: =MAX(0,K3-Billing_Inputs!$B$6) | T3: =MAX(0,O3-Billing_Inputs!$B$7)
A4: 2026-04-09 | B4: 2026-04-09 | C4: 2026-04-09 | D4: BigC | E4: 71-8001 | F4: 71-8001 ธนวัฒน์ หัวลาก10W | G4: 2.2 | H4: 2.2 | I4: 2026-04-09 17:55:05 | J4: 2026-04-09 19:54:54 | K4: 2 | L4: 2026-04-09 22:00:43 | M4: 2026-04-10 05:11:18 | N4: 2.1 | O4: 7.18 | P4: 11.27 | R4: 1 | S4: =MAX(0,K4-Billing_Inputs!$B$6) | T4: =MAX(0,O4-Billing_Inputs!$B$7)
A5: 2026-04-09 | B5: 2026-04-09 | C5: 2026-04-10 | D5: BigC | E5: 71-8002 | F5: 71-8002 สมประสงค์ หัวลาก10W | G5: 1.2 | H5: 1.2 | I5: 2026-04-09 16:49:50 | J5: 2026-04-09 19:25:51 | K5: 2.6 | L5: 2026-04-10 03:57:50 | M5: 2026-04-10 04:47:18 | N5: 8.53 | O5: 0.82 | P5: 11.96 | Q5: ABNORMAL | R5: 1 | S5: =MAX(0,K5-Billing_Inputs!$B$6) | T5: =MAX(0,O5-Billing_Inputs!$B$7)
A6: 2026-04-10 | B6: 2026-04-10 | C6: 2026-04-10 | D6: BigC | E6: 71-8003 | F6: 71-8003 เกศศักดิ์ หัวลาก10W | G6: 3.1 | H6: 3.1 | I6: 2026-04-10 07:21:16 | J6: 2026-04-10 09:51:50 | K6: 2.51 | L6: 2026-04-10 12:03:20 | M6: 2026-04-10 14:27:09 | N6: 2.19 | O6: 2.4 | P6: 7.1 | R6: 1 | S6: =MAX(0,K6-Billing_Inputs!$B$6) | T6: =MAX(0,O6-Billing_Inputs!$B$7)
A7: 2026-04-10 | B7: 2026-04-10 | C7: 2026-04-10 | D7: BigC | E7: 71-8001 | F7: 71-8001 ธนวัฒน์ หัวลาก10W | G7: 2.3 | H7: 2.3 | I7: 2026-04-10 07:28:58 | J7: 2026-04-10 11:07:07 | K7: 3.64 | L7: 2026-04-10 13:25:42 | M7: 2026-04-10 14:15:51 | N7: 2.31 | O7: 0.84 | P7: 6.78 | R7: 1 | S7: =MAX(0,K7-Billing_Inputs!$B$6) | T7: =MAX(0,O7-Billing_Inputs!$B$7)
A8: 2026-04-10 | B8: 2026-04-10 | C8: 2026-04-10 | D8: BigC | E8: 71-8002 | F8: 71-8002 สมประสงค์ หัวลาก10W | G8: 1.3 | H8: 1.3 | I8: 2026-04-10 07:41:54 | J8: 2026-04-10 13:42:39 | K8: 6.01 | L8: 2026-04-10 15:39:13 | M8: 2026-04-10 16:36:52 | N8: 1.94 | O8: 0.96 | P8: 8.92 | R8: 1 | S8: =MAX(0,K8-Billing_Inputs!$B$6) | T8: =MAX(0,O8-Billing_Inputs!$B$7)
A9: 2026-04-10 | B9: 2026-04-10 | C9: 2026-04-10 | D9: LCB | E9: 71-8684 | F9: 71-8684 นิพล หัวลาก 6W | G9: 4.1 | H9: 4.1 | I9: 2026-04-10 11:24:59 | J9: 2026-04-10 17:39:16 | K9: 6.24 | L9: 2026-04-10 20:53:27 | M9: 2026-04-10 23:39:18 | N9: 3.24 | O9: 2.76 | P9: 12.24 | R9: 1 | S9: =MAX(0,K9-Billing_Inputs!$B$6) | T9: =MAX(0,O9-Billing_Inputs!$B$7)
A10: 2026-04-10 | B10: 2026-04-10 | C10: 2026-04-10 | D10: BigC | E10: 71-8001 | F10: 71-8001 ธนวัฒน์ หัวลาก10W | G10: 2.4 | H10: 2.4 | I10: 2026-04-10 16:06:07 | J10: 2026-04-10 21:45:46 | K10: 5.66 | L10: 2026-04-10 23:43:45 | M10: 2026-04-11 06:13:15 | N10: 1.97 | O10: 6.49 | P10: 14.12 | R10: 1 | S10: =MAX(0,K10-Billing_Inputs!$B$6) | T10: =MAX(0,O10-Billing_Inputs!$B$7)
A11: 2026-04-10 | B11: 2026-04-10 | C11: 2026-04-11 | D11: BigC | E11: 71-8003 | F11: 71-8003 เกศศักดิ์ หัวลาก10W | G11: 3.2 | H11: 3.2 | I11: 2026-04-10 16:16:42 | J11: 2026-04-11 03:03:35 | K11: 10.78 | L11: 2026-04-11 05:39:33 | M11: 2026-04-11 09:10:43 | N11: 2.6 | O11: 3.52 | P11: 16.9 | R11: 1 | S11: =MAX(0,K11-Billing_Inputs!$B$6) | T11: =MAX(0,O11-Billing_Inputs!$B$7)
A12: 2026-04-10 | B12: 2026-04-10 | C12: 2026-04-11 | D12: BigC | E12: 71-8002 | F12: 71-8002 สมประสงค์ หัวลาก10W | G12: 1.4 | H12: 1.4 | I12: 2026-04-10 19:04:20 | J12: 2026-04-11 07:06:52 | K12: 12.04 | L12: 2026-04-11 09:42:57 | M12: 2026-04-11 10:34:10 | N12: 2.6 | O12: 0.85 | P12: 15.5 | R12: 1 | S12: =MAX(0,K12-Billing_Inputs!$B$6) | T12: =MAX(0,O12-Billing_Inputs!$B$7)
A13: 2026-04-10 | B13: 2026-04-10 | C13: 2026-04-11 | D13: LCB | E13: 71-8683 | F13: 71-8683 รัฐภูมิ หัวลาก6W ​ชะอม | G13: 5.1 | H13: 5.1 | I13: 2026-04-10 19:32:14 | J13: 2026-04-11 07:58:18 | K13: 12.43 | L13: 2026-04-11 15:54:52 | M13: 2026-04-11 17:07:31 | N13: 7.94 | O13: 1.21 | P13: 21.59 | R13: 1 | S13: =MAX(0,K13-Billing_Inputs!$B$6) | T13: =MAX(0,O13-Billing_Inputs!$B$7)
A14: 2026-04-10 | B14: 2026-04-10 | C14: 2026-04-11 | D14: BigC | E14: 71-5041 | F14: 71-5041 เกรียงไกร หัวลาก10W มะยม | G14: 6.1 | H14: 6.1 | I14: 2026-04-10 21:27:07 | J14: 2026-04-11 15:02:11 | K14: 17.58 | L14: 2026-04-11 18:09:23 | M14: 2026-04-11 19:23:28 | N14: 3.12 | O14: 1.23 | P14: 21.94 | R14: 1 | S14: =MAX(0,K14-Billing_Inputs!$B$6) | T14: =MAX(0,O14-Billing_Inputs!$B$7)
A15: 2026-04-11 | B15: 2026-04-11 | C15: 2026-04-11 | D15: BigC | E15: 71-8001 | F15: 71-8001 ธนวัฒน์ หัวลาก10W | G15: 2.5 | H15: 2.5 | I15: 2026-04-11 08:05:10 | J15: 2026-04-11 16:42:09 | K15: 8.62 | L15: 2026-04-11 18:41:17 | M15: 2026-04-11 19:33:44 | N15: 1.99 | O15: 0.87 | P15: 11.48 | R15: 1 | S15: =MAX(0,K15-Billing_Inputs!$B$6) | T15: =MAX(0,O15-Billing_Inputs!$B$7)
A16: 2026-04-11 | B16: 2026-04-11 | C16: 2026-04-12 | D16: BigC | E16: 71-8003 | F16: 71-8003 เกศศักดิ์ หัวลาก10W | G16: 3.3 | H16: 3.3 | I16: 2026-04-11 11:51:49 | J16: 2026-04-12 02:44:46 | K16: 14.88 | L16: 2026-04-12 05:35:03 | M16: 2026-04-12 09:58:58 | N16: 2.84 | O16: 4.4 | P16: 22.12 | R16: 1 | S16: =MAX(0,K16-Billing_Inputs!$B$6) | T16: =MAX(0,O16-Billing_Inputs!$B$7)
A17: 2026-04-11 | B17: 2026-04-11 | C17: 2026-04-12 | D17: BigC | E17: 71-8002 | F17: 71-8002 สมประสงค์ หัวลาก10W | G17: 1.5 | H17: 1.5 | I17: 2026-04-11 12:19:53 | J17: 2026-04-12 06:52:26 | K17: 18.54 | L17: 2026-04-12 09:10:09 | M17: 2026-04-12 09:55:26 | N17: 2.3 | O17: 0.75 | P17: 21.59 | R17: 1 | S17: =MAX(0,K17-Billing_Inputs!$B$6) | T17: =MAX(0,O17-Billing_Inputs!$B$7)
... A49: 2026-04-16 | B49: 2026-04-16 | C49: 2026-04-16 | D49: LCB | E49: 72-1217 | F49: 72-1217 เนื้อ หัวลาก10W ตระไคร้ | G49: 7.8 | H49: 7.8 | I49: 2026-04-16 06:56:12 | J49: 2026-04-16 08:02:20 | K49: 1.1 | L49: 2026-04-16 09:37:29 | M49: 2026-04-16 10:18:00 | N49: 1.59 | O49: 0.68 | P49: 3.36 | R49: 1 | S49: =MAX(0,K49-Billing_Inputs!$B$6) | T49: =MAX(0,O49-Billing_Inputs!$B$7)
A50: 2026-04-15 | B50: 2026-04-15 | C50: 2026-04-16 | D50: LCB | E50: 71-8681 | F50: 71-8681 ว่าง หัวลาก10W อ้อย | G50: 8.4 | H50: 9.4 | I50: 2026-04-15 14:01:30 | J50: 2026-04-15 22:18:33 | K50: 8.28 | L50: 2026-04-16 09:58:38 | M50: 2026-04-16 11:01:34 | N50: 11.67 | O50: 1.05 | P50: 21 | Q50: ABNORMAL | R50: 1 | S50: =MAX(0,K50-Billing_Inputs!$B$6) | T50: =MAX(0,O50-Billing_Inputs!$B$7)
A51: 2026-04-16 | B51: 2026-04-16 | C51: 2026-04-16 | D51: LCB | E51: 71-9629 | F51: 71-9629 พิชิต หัวลาก10W แมงลัก | G51: 9.9 | H51: 8.8 | I51: 2026-04-16 09:14:00 | J51: 2026-04-16 11:47:57 | K51: 2.57 | L51: 2026-04-16 14:31:16 | M51: 2026-04-16 15:42:24 | N51: 2.72 | O51: 1.19 | P51: 6.47 | R51: 1 | S51: =MAX(0,K51-Billing_Inputs!$B$6) | T51: =MAX(0,O51-Billing_Inputs!$B$7)
A52: 2026-04-16 | B52: 2026-04-16 | C52: 2026-04-16 | D52: LCB | E52: 71-6802 | F52: 71-6802 วิชาญ หัวลาก10W | G52: 10.10 | H52: 10.8 | I52: 2026-04-16 12:00:58 | J52: 2026-04-16 14:01:55 | K52: 2.02 | L52: 2026-04-16 16:03:53 | M52: 2026-04-16 16:37:09 | N52: 2.03 | O52: 0.55 | P52: 4.6 | R52: 1 | S52: =MAX(0,K52-Billing_Inputs!$B$6) | T52: =MAX(0,O52-Billing_Inputs!$B$7)
A53: 2026-04-16 | B53: 2026-04-16 | C53: 2026-04-16 | D53: LCB | E53: 71-8967 | F53: 71-8967 ณัฐวุฒิ หัวลาก10W ทับทิม | G53: 12.1 | H53: 12.2 | I53: 2026-04-16 12:21:03 | J53: 2026-04-16 14:42:49 | K53: 2.36 | L53: 2026-04-16 16:50:56 | M53: 2026-04-16 18:10:48 | N53: 2.14 | O53: 1.33 | P53: 5.83 | R53: 1 | S53: =MAX(0,K53-Billing_Inputs!$B$6) | T53: =MAX(0,O53-Billing_Inputs!$B$7)
A54: 2026-04-16 | B54: 2026-04-16 | C54: 2026-04-16 | D54: LCB | E54: 72-1217 | F54: 72-1217 เนื้อ หัวลาก10W ตระไคร้ | G54: 7.9 | H54: 7.9 | I54: 2026-04-16 14:09:45 | J54: 2026-04-16 18:23:55 | K54: 4.24 | L54: 2026-04-16 20:21:57 | M54: 2026-04-16 20:59:39 | N54: 1.97 | O54: 0.63 | P54: 6.83 | R54: 1 | S54: =MAX(0,K54-Billing_Inputs!$B$6) | T54: =MAX(0,O54-Billing_Inputs!$B$7)
A55: 2026-04-16 | B55: 2026-04-16 | C55: 2026-04-16 | D55: LCB | E55: 71-9629 | F55: 71-9629 พิชิต หัวลาก10W แมงลัก | G55: 9.10 | H55: 8.9 | I55: 2026-04-16 18:39:40 | J55: 2026-04-16 20:00:08 | K55: 1.34 | L55: 2026-04-16 22:29:31 | M55: 2026-04-16 23:23:18 | N55: 2.49 | O55: 0.9 | P55: 4.73 | R55: 1 | S55: =MAX(0,K55-Billing_Inputs!$B$6) | T55: =MAX(0,O55-Billing_Inputs!$B$7)
A56: 2026-04-16 | B56: 2026-04-16 | C56: 2026-04-17 | D56: LCB | E56: 71-8681 | F56: 71-8681 ว่าง หัวลาก10W อ้อย | G56: 8.5 | H56: 9.5 | I56: 2026-04-16 16:31:18 | J56: 2026-04-16 19:12:41 | K56: 2.69 | L56: 2026-04-17 00:52:17 | M56: 2026-04-17 02:48:06 | N56: 5.66 | O56: 1.93 | P56: 10.28 | R56: 1 | S56: =MAX(0,K56-Billing_Inputs!$B$6) | T56: =MAX(0,O56-Billing_Inputs!$B$7)
A57: 2026-04-16 | B57: 2026-04-16 | C57: 2026-04-17 | D57: LCB | E57: 71-6802 | F57: 71-6802 วิชาญ หัวลาก10W | G57: 10.11 | H57: 10.9 | I57: 2026-04-16 19:25:20 | J57: 2026-04-16 23:54:07 | K57: 4.48 | L57: 2026-04-17 07:13:18 | M57: 2026-04-17 08:42:23 | N57: 7.32 | O57: 1.48 | P57: 13.28 | R57: 1 | S57: =MAX(0,K57-Billing_Inputs!$B$6) | T57: =MAX(0,O57-Billing_Inputs!$B$7)
A58: 2026-04-16 | B58: 2026-04-16 | C58: 2026-04-17 | D58: LCB | E58: 71-8967 | F58: 71-8967 ณัฐวุฒิ หัวลาก10W ทับทิม | G58: 12.2 | H58: 12.3 | I58: 2026-04-16 20:34:43 | J58: 2026-04-17 00:03:41 | K58: 3.48 | L58: 2026-04-17 08:32:38 | M58: 2026-04-17 09:28:37 | N58: 8.48 | O58: 0.93 | P58: 12.9 | Q58: ABNORMAL | R58: 1 | S58: =MAX(0,K58-Billing_Inputs!$B$6) | T58: =MAX(0,O58-Billing_Inputs!$B$7)
A59: 2026-04-17 | B59: 2026-04-17 | C59: 2026-04-17 | D59: LCB | E59: 72-1217 | F59: 72-1217 เนื้อ หัวลาก10W ตระไคร้ | G59: 7.10 | H59: 7.10 | I59: 2026-04-17 06:13:11 | J59: 2026-04-17 07:03:16 | K59: 0.83 | L59: 2026-04-17 09:03:04 | M59: 2026-04-17 09:52:18 | N59: 2 | O59: 0.82 | P59: 3.65 | R59: 1 | S59: =MAX(0,K59-Billing_Inputs!$B$6) | T59: =MAX(0,O59-Billing_Inputs!$B$7)
A60: 2026-04-17 | B60: 2026-04-17 | C60: 2026-04-17 | D60: LCB | E60: 71-9629 | F60: 71-9629 พิชิต หัวลาก10W แมงลัก | G60: 9.11 | H60: 8.10 | I60: 2026-04-17 07:33:55 | J60: 2026-04-17 09:49:50 | K60: 2.27 | L60: 2026-04-17 11:56:19 | M60: 2026-04-17 13:04:52 | N60: 2.11 | O60: 1.14 | P60: 5.52 | R60: 1 | S60: =MAX(0,K60-Billing_Inputs!$B$6) | T60: =MAX(0,O60-Billing_Inputs!$B$7)

Sheet Daily_All_ByDestDate
A1: Date_Basis | B1: Date | C1: Trips | D1: Trucks | E1: Avg_Origin_Wait_h | F1: Avg_Travel_h | G1: Avg_Dest_Wait_h
A2: Dest_In date | B2: 2026-04-09 | C2: 3 | D2: 71-8002(1), 71-8001(2) | E2: 3.6 | F2: 2.04 | G2: 3.11
A3: Dest_In date | B3: 2026-04-10 | C3: 6 | D3: 71-8002(2), 71-8003(1), 71-8001(2), 71-8684(1) | E3: 4.44 | F3: 3.36 | G3: 2.38
A4: Dest_In date | B4: 2026-04-11 | C4: 5 | D4: 71-8003(1), 71-8002(1), 71-8683(1), 71-5041(1), 71-8001(1) | E4: 12.29 | F4: 3.65 | G4: 1.54
A5: Dest_In date | B5: 2026-04-12 | C5: 6 | D5: 71-8003(1), 71-8002(1), 71-5041(2), 71-8001(1), 71-8684(1) | E5: 10.23 | F5: 2.37 | G5: 1.69
A6: Dest_In date | B6: 2026-04-13 | C6: 10 | D6: 72-1217(3), 71-9629(2), 71-8681(1), 71-6802(2), 71-5041(2) | E6: 4.46 | F6: 3.27 | G6: 0.93
A7: Dest_In date | B7: 2026-04-14 | C7: 7 | D7: 71-9629(3), 71-6802(1), 72-1217(2), 72-1220(1) | E7: 3.37 | F7: 2.93 | G7: 0.92
A8: Dest_In date | B8: 2026-04-15 | C8: 8 | D8: 71-6802(3), 71-9629(1), 71-8681(1), 72-1217(2), 72-1220(1) | E8: 3.79 | F8: 2.48 | G8: 0.85
A9: Dest_In date | B9: 2026-04-16 | C9: 9 | D9: 71-9629(3), 71-6802(2), 72-1217(2), 71-8681(1), 71-8967(1) | E9: 3.3 | F9: 3.55 | G9: 0.97
A10: Dest_In date | B10: 2026-04-17 | C10: 5 | D10: 71-8681(1), 71-6802(1), 71-8967(1), 72-1217(1), 71-9629(1) | E10: 2.75 | F10: 5.11 | G10: 1.26

Sheet Daily_BigC_ByDestDate
A1: Date_Basis | B1: Date | C1: Trips | D1: Trucks | E1: Avg_Origin_Wait_h | F1: Avg_Travel_h | G1: Avg_Dest_Wait_h
A2: Dest_In date | B2: 2026-04-09 | C2: 3 | D2: 71-8002(1), 71-8001(2) | E2: 3.6 | F2: 2.04 | G2: 3.11
A3: Dest_In date | B3: 2026-04-10 | C3: 5 | D3: 71-8002(2), 71-8003(1), 71-8001(2) | E3: 4.08 | F3: 3.39 | G3: 2.3
A4: Dest_In date | B4: 2026-04-11 | C4: 4 | D4: 71-8003(1), 71-8002(1), 71-5041(1), 71-8001(1) | E4: 12.25 | F4: 2.58 | G4: 1.62
A5: Dest_In date | B5: 2026-04-12 | C5: 5 | D5: 71-8003(1), 71-8002(1), 71-5041(2), 71-8001(1) | E5: 11.77 | F5: 2.39 | G5: 1.86
A6: Dest_In date | B6: 2026-04-13 | C6: 2 | D6: 71-5041(2) | E6: 5.76 | F6: 3.96 | G6: 0.68

Sheet Daily_LCB_ByDestDate
A1: Date_Basis | B1: Date | C1: Trips | D1: Trucks | E1: Avg_Origin_Wait_h | F1: Avg_Travel_h | G1: Avg_Dest_Wait_h
A2: Dest_In date | B2: 2026-04-10 | C2: 1 | D2: 71-8684(1) | E2: 6.24 | F2: 3.24 | G2: 2.76
A3: Dest_In date | B3: 2026-04-11 | C3: 1 | D3: 71-8683(1) | E3: 12.43 | F3: 7.94 | G3: 1.21
A4: Dest_In date | B4: 2026-04-12 | C4: 1 | D4: 71-8684(1) | E4: 2.5 | F4: 2.27 | G4: 0.83
A5: Dest_In date | B5: 2026-04-13 | C5: 8 | D5: 72-1217(3), 71-9629(2), 71-8681(1), 71-6802(2) | E5: 4.14 | F5: 3.1 | G5: 0.99
A6: Dest_In date | B6: 2026-04-14 | C6: 7 | D6: 71-9629(3), 71-6802(1), 72-1217(2), 72-1220(1) | E6: 3.37 | F6: 2.93 | G6: 0.92
A7: Dest_In date | B7: 2026-04-15 | C7: 8 | D7: 71-6802(3), 71-9629(1), 71-8681(1), 72-1217(2), 72-1220(1) | E7: 3.79 | F7: 2.48 | G7: 0.85
A8: Dest_In date | B8: 2026-04-16 | C8: 9 | D8: 71-9629(3), 71-6802(2), 72-1217(2), 71-8681(1), 71-8967(1) | E8: 3.3 | F8: 3.55 | G8: 0.97
A9: Dest_In date | B9: 2026-04-17 | C9: 5 | D9: 71-8681(1), 71-6802(1), 71-8967(1), 72-1217(1), 71-9629(1) | E9: 2.75 | F9: 5.11 | G9: 1.26

Sheet Billing_By_Truck_Day
A1: Date_Basis | B1: Date | C1: Site | D1: Plate | E1: Actual_Trips | F1: Commit_Min_Trips | G1: Shortfall_Trips | H1: Rate_per_Trip | I1: Actual_Freight | J1: Commit_Min_Freight | K1: Extra_Charge_Min2
A2: Dest_In date | B2: 2026-04-09 | C2: BigC | D2: 71-8001 | E2: 2 | F2: 2 | G2: 0 | H2: 7500 | I2: 15000 | J2: 15000 | K2: 0
A3: Dest_In date | B3: 2026-04-09 | C3: BigC | D3: 71-8002 | E3: 1 | F3: 2 | G3: 1 | H3: 7500 | I3: 7500 | J3: 15000 | K3: 7500
A4: Dest_In date | B4: 2026-04-10 | C4: BigC | D4: 71-8001 | E4: 2 | F4: 2 | G4: 0 | H4: 7500 | I4: 15000 | J4: 15000 | K4: 0
A5: Dest_In date | B5: 2026-04-10 | C5: BigC | D5: 71-8002 | E5: 2 | F5: 2 | G5: 0 | H5: 7500 | I5: 15000 | J5: 15000 | K5: 0
A6: Dest_In date | B6: 2026-04-10 | C6: BigC | D6: 71-8003 | E6: 1 | F6: 2 | G6: 1 | H6: 7500 | I6: 7500 | J6: 15000 | K6: 7500
A7: Dest_In date | B7: 2026-04-10 | C7: LCB | D7: 71-8684 | E7: 1 | F7: 2 | G7: 1 | H7: 7500 | I7: 7500 | J7: 15000 | K7: 7500
A8: Dest_In date | B8: 2026-04-11 | C8: BigC | D8: 71-5041 | E8: 1 | F8: 2 | G8: 1 | H8: 7500 | I8: 7500 | J8: 15000 | K8: 7500
A9: Dest_In date | B9: 2026-04-11 | C9: BigC | D9: 71-8001 | E9: 1 | F9: 2 | G9: 1 | H9: 7500 | I9: 7500 | J9: 15000 | K9: 7500
A10: Dest_In date | B10: 2026-04-11 | C10: BigC | D10: 71-8002 | E10: 1 | F10: 2 | G10: 1 | H10: 7500 | I10: 7500 | J10: 15000 | K10: 7500
A11: Dest_In date | B11: 2026-04-11 | C11: BigC | D11: 71-8003 | E11: 1 | F11: 2 | G11: 1 | H11: 7500 | I11: 7500 | J11: 15000 | K11: 7500
A12: Dest_In date | B12: 2026-04-11 | C12: LCB | D12: 71-8683 | E12: 1 | F12: 2 | G12: 1 | H12: 7500 | I12: 7500 | J12: 15000 | K12: 7500
A13: Dest_In date | B13: 2026-04-12 | C13: BigC | D13: 71-5041 | E13: 2 | F13: 2 | G13: 0 | H13: 8000 | I13: 16000 | J13: 16000 | K13: 0
... A31: Dest_In date | B31: 2026-04-15 | C31: LCB | D31: 72-1220 | E31: 1 | F31: 2 | G31: 1 | H31: 8000 | I31: 8000 | J31: 16000 | K31: 8000
A32: Dest_In date | B32: 2026-04-16 | C32: LCB | D32: 71-6802 | E32: 2 | F32: 2 | G32: 0
A33: Dest_In date | B33: 2026-04-16 | C33: LCB | D33: 71-8681 | E33: 1 | F33: 2 | G33: 1
A34: Dest_In date | B34: 2026-04-16 | C34: LCB | D34: 71-8967 | E34: 1 | F34: 2 | G34: 1
A35: Dest_In date | B35: 2026-04-16 | C35: LCB | D35: 71-9629 | E35: 3 | F35: 2 | G35: 0
A36: Dest_In date | B36: 2026-04-16 | C36: LCB | D36: 72-1217 | E36: 2 | F36: 2 | G36: 0
A37: Dest_In date | B37: 2026-04-17 | C37: LCB | D37: 71-6802 | E37: 1 | F37: 2 | G37: 1
A38: Dest_In date | B38: 2026-04-17 | C38: LCB | D38: 71-8681 | E38: 1 | F38: 2 | G38: 1
A39: Dest_In date | B39: 2026-04-17 | C39: LCB | D39: 71-8967 | E39: 1 | F39: 2 | G39: 1
A40: Dest_In date | B40: 2026-04-17 | C40: LCB | D40: 71-9629 | E40: 1 | F40: 2 | G40: 1
A41: Dest_In date | B41: 2026-04-17 | C41: LCB | D41: 72-1217 | E41: 1 | F41: 2 | G41: 1

Sheet Billing_Daily_Summary
A1: Date_Basis | B1: Date | C1: Site | D1: Active_Trucks | E1: Actual_Trips | F1: Commit_Min_Trips | G1: Shortfall_Trips | H1: Rate_per_Trip | I1: Actual_Freight | J1: Commit_Min_Freight | K1: Extra_Charge_Min2
A2: Dest_In date | B2: 2026-04-09 | C2: BigC | D2: 2 | E2: 3 | F2: 4 | G2: 1 | H2: 7500 | I2: 22500 | J2: 30000 | K2: 7500
A3: Dest_In date | B3: 2026-04-10 | C3: BigC | D3: 3 | E3: 5 | F3: 6 | G3: 1 | H3: 7500 | I3: 37500 | J3: 45000 | K3: 7500
A4: Dest_In date | B4: 2026-04-10 | C4: LCB | D4: 1 | E4: 1 | F4: 2 | G4: 1 | H4: 7500 | I4: 7500 | J4: 15000 | K4: 7500
A5: Dest_In date | B5: 2026-04-11 | C5: BigC | D5: 4 | E5: 4 | F5: 8 | G5: 4 | H5: 7500 | I5: 30000 | J5: 60000 | K5: 30000
A6: Dest_In date | B6: 2026-04-11 | C6: LCB | D6: 1 | E6: 1 | F6: 2 | G6: 1 | H6: 7500 | I6: 7500 | J6: 15000 | K6: 7500
A7: Dest_In date | B7: 2026-04-12 | C7: BigC | D7: 4 | E7: 5 | F7: 8 | G7: 3 | H7: 8000 | I7: 40000 | J7: 64000 | K7: 24000
A8: Dest_In date | B8: 2026-04-12 | C8: LCB | D8: 1 | E8: 1 | F8: 2 | G8: 1 | H8: 8000 | I8: 8000 | J8: 16000 | K8: 8000
A9: Dest_In date | B9: 2026-04-13 | C9: BigC | D9: 1 | E9: 2 | F9: 2 | G9: 0 | H9: 8000 | I9: 16000 | J9: 16000 | K9: 0
A10: Dest_In date | B10: 2026-04-13 | C10: LCB | D10: 4 | E10: 8 | F10: 8 | G10: 1 | H10: 8000 | I10: 64000 | J10: 64000 | K10: 8000
A11: Dest_In date | B11: 2026-04-14 | C11: LCB | D11: 4 | E11: 7 | F11: 8 | G11: 2 | H11: 8000 | I11: 56000 | J11: 64000 | K11: 16000
A12: Dest_In date | B12: 2026-04-15 | C12: LCB | D12: 5 | E12: 8 | F12: 10 | G12: 3 | H12: 8000 | I12: 64000 | J12: 80000 | K12: 24000
A13: Dest_In date | B13: 2026-04-16 | C13: LCB | D13: 5 | E13: 9 | F13: 10 | G13: 2
A14: Dest_In date | B14: 2026-04-17 | C14: LCB | D14: 5 | E14: 5 | F14: 10 | G14: 5
A15: Dest_In date | B15: TOTAL | C15: ALL | D15: 30 | E15: 45 | F15: 60 | G15: 18 | I15: 353000 | J15: 469000 | K15: 140000

Sheet Abnormal_Travel
A1: Rule | B1: Travel_h >= 8.0
A2: Origin_Date | B2: Dest_Date | C2: Site | D2: Plate | E2: Origin_Out | F2: Dest_In | G2: Travel_h
A3: 2026-04-15 | B3: 2026-04-16 | C3: LCB | D3: 71-8681 | E3: 2026-04-15 22:18:33 | F3: 2026-04-16 09:58:38 | G3: 11.67
A4: 2026-04-09 | B4: 2026-04-10 | C4: BigC | D4: 71-8002 | E4: 2026-04-09 19:25:51 | F4: 2026-04-10 03:57:50 | G4: 8.53
A5: 2026-04-16 | B5: 2026-04-17 | C5: LCB | D5: 71-8967 | E5: 2026-04-17 00:03:41 | F5: 2026-04-17 08:32:38 | G5: 8.48

Sheet Unmatched_Log
A1: Source | B1: Plate | C1: Device | D1: Row_No | E1: In | F1: Out
A2: Origin | B2: 71-6802 | C2: 71-6802 วิชาญ หัวลาก10W | D2: 10.2 | E2: 2026-04-13 13:41:17 | F2: 2026-04-13 14:02:02
A3: Origin | B3: 71-6802 | C3: 71-6802 วิชาญ หัวลาก10W | D3: 10.7 | E3: 2026-04-15 12:09:47 | F3: 2026-04-15 14:35:25
A4: Origin | B4: 71-6802 | C4: 71-6802 วิชาญ หัวลาก10W | D4: 10.12 | E4: 2026-04-17 10:55:21 | F4: 2026-04-17 12:36:13
A5: Origin | B5: 71-8681 | C5: 71-8681 ว่าง หัวลาก10W อ้อย | D5: 8.2 | E5: 2026-04-13 15:01:52 | F5: 2026-04-13 19:10:12
A6: Origin | B6: 71-8681 | C6: 71-8681 ว่าง หัวลาก10W อ้อย | D6: 8.6 | E6: 2026-04-17 07:13:01 | F6: 2026-04-17 09:27:07
A7: Origin | B7: 71-8967 | C7: 71-8967 ณัฐวุฒิ หัวลาก10W ทับทิม | D7: 12.3 | E7: 2026-04-17 12:35:37 | F7: 2026-04-17 13:03:37
A8: Origin | B8: 71-9629 | C8: 71-9629 พิชิต หัวลาก10W แมงลัก | D8: 9.1 | E8: 2026-04-12 17:15:57 | F8: 2026-04-12 21:44:27
A9: Origin | B9: 72-1217 | C9: 72-1217 เนื้อ หัวลาก10W ตระไคร้ | D9: 7.11 | E9: 2026-04-17 11:47:21 | F9: 2026-04-17 12:14:49
A10: Origin | B10: 72-1220 | C10: 72-1220 ปกรณ์ หัวลาก10W ข่า | D10: 11.3 | E10: 2026-04-15 14:04:26 | F10: 2026-04-15 23:33:22
A11: Destination | B11: 71-8681 | C11: 71-8681 ว่าง หัวลาก10W อ้อย | D11: 9.2 | E11: 2026-04-14 15:27:46 | F11: 2026-04-14 16:19:36
A12: Destination | B12: 71-8967 | C12: 71-8967 ณัฐวุฒิ หัวลาก10W ทับทิม | D12: 12.1 | E12: 2026-04-16 08:40:06 | F12: 2026-04-16 10:13:04
A13: Destination | B13: 72-1220 | C13: 72-1220 ปกรณ์ หัวลาก10W ข่า | D13: 11.1 | E13: 2026-04-14 14:06:59 | F13: 2026-04-14 14:40:39

Sheet Daily_Activity
A1: Dest_In date | B1: Active trucks (all) | C1: Actual trips (all) | D1: Commit min trips (2 x trucks) | E1: Shortfall trips (all) | F1: BigC trucks | G1: BigC trips | H1: LCB trucks | I1: LCB trips
A2: 2026-04-09 | B2: 2 | C2: 3 | D2: 4 | E2: 1 | F2: 2 | G2: 3 | H2: 0 | I2: 0
A3: 2026-04-10 | B3: 4 | C3: 6 | D3: 8 | E3: 2 | F3: 3 | G3: 5 | H3: 1 | I3: 1
A4: 2026-04-11 | B4: 5 | C4: 5 | D4: 10 | E4: 5 | F4: 4 | G4: 4 | H4: 1 | I4: 1
A5: 2026-04-12 | B5: 5 | C5: 6 | D5: 10 | E5: 4 | F5: 4 | G5: 5 | H5: 1 | I5: 1
A6: 2026-04-13 | B6: 5 | C6: 10 | D6: 10 | E6: 0 | F6: 1 | G6: 2 | H6: 4 | I6: 8
A7: 2026-04-14 | B7: 4 | C7: 7 | D7: 8 | E7: 1 | F7: 0 | G7: 0 | H7: 4 | I7: 7
A8: 2026-04-15 | B8: 5 | C8: 8 | D8: 10 | E8: 2 | F8: 0 | G8: 0 | H8: 5 | I8: 8
A9: 2026-04-16 | B9: 5 | C9: 9 | D9: 10 | E9: 1 | F9: 0 | G9: 0 | H9: 5 | I9: 9
A10: 2026-04-17 | B10: 5 | C10: 5 | D10: 10 | E10: 5 | F10: 0 | G10: 0 | H10: 5 | I10: 5

Sheet Invoice_LineItems
A1: Line | B1: Description | C1: Qty | D1: Unit THB | E1: Amount THB
A2: 1
A3: 2
A4: 3
A5: 4
A6: 5
A7: 6
A8: 7
A9: 8
A10: 9
A11: 10
A12: 11
A13: 12
... A21: 20

Sheet Billing_Workbench
A1: Dest_In date | B1: Active trucks | C1: Actual trips | D1: Commit min trips | E1: Shortfall trips | F1: Freight THB (auto) | G1: Origin wait charge THB (auto) | H1: Dest wait charge THB (auto) | I1: Shortfall charge THB (auto) | J1: Total THB (auto)
A2: 2026-04-09 | B2: 2 | C2: 3 | D2: 4 | E2: 1 | F2: =SUMIFS(Trip_Detail!$R:$R,Trip_Detail!$C:$C,A2,Trip_Detail!$C:$C,"<="&DATE(2026,4,11))*Billing_Inputs!$B$2+SUMIFS(Trip_Detail!$R:$R,Trip_Detail!$C:$C,A2,Trip_Detail!$C:$C,">="&DATE(2026,4,12),Trip_Detail!$C:$C,"<="&DATE(2026,4,15))*Billing_Inputs!$B$3 | G2: =SUMIFS(Trip_Detail!$S:$S,Trip_Detail!$C:$C,A2)*Billing_Inputs!$B$4 | H2: =SUMIFS(Trip_Detail!$T:$T,Trip_Detail!$C:$C,A2)*Billing_Inputs!$B$5 | I2: =IF(Billing_Inputs!$B$8="",(SUMIFS(Trip_Detail!$R:$R,Trip_Detail!$C:$C,A2,Trip_Detail!$C:$C,"<="&DATE(2026,4,11))*Billing_Inputs!$B$2+SUMIFS(Trip_Detail!$R:$R,Trip_Detail!$C:$C,A2,Trip_Detail!$C:$C,">="&DATE(2026,4,12),Trip_Detail!$C:$C,"<="&DATE(2026,4,15))*Billing_Inputs!$B$3)/MAX(1,E2)*E2,E2*Billing_Inputs!$B$8) | J2: =F2+G2+H2+I2
A3: 2026-04-10 | B3: 4 | C3: 6 | D3: 8 | E3: 2 | F3: =SUMIFS(Trip_Detail!$R:$R,Trip_Detail!$C:$C,A3,Trip_Detail!$C:$C,"<="&DATE(2026,4,11))*Billing_Inputs!$B$2+SUMIFS(Trip_Detail!$R:$R,Trip_Detail!$C:$C,A3,Trip_Detail!$C:$C,">="&DATE(2026,4,12),Trip_Detail!$C:$C,"<="&DATE(2026,4,15))*Billing_Inputs!$B$3 | G3: =SUMIFS(Trip_Detail!$S:$S,Trip_Detail!$C:$C,A3)*Billing_Inputs!$B$4 | H3: =SUMIFS(Trip_Detail!$T:$T,Trip_Detail!$C:$C,A3)*Billing_Inputs!$B$5 | I3: =IF(Billing_Inputs!$B$8="",(SUMIFS(Trip_Detail!$R:$R,Trip_Detail!$C:$C,A3,Trip_Detail!$C:$C,"<="&DATE(2026,4,11))*Billing_Inputs!$B$2+SUMIFS(Trip_Detail!$R:$R,Trip_Detail!$C:$C,A3,Trip_Detail!$C:$C,">="&DATE(2026,4,12),Trip_Detail!$C:$C,"<="&DATE(2026,4,15))*Billing_Inputs!$B$3)/MAX(1,E3)*E3,E3*Billing_Inputs!$B$8) | J3: =F3+G3+H3+I3
A4: 2026-04-11 | B4: 5 | C4: 5 | D4: 10 | E4: 5 | F4: =SUMIFS(Trip_Detail!$R:$R,Trip_Detail!$C:$C,A4,Trip_Detail!$C:$C,"<="&DATE(2026,4,11))*Billing_Inputs!$B$2+SUMIFS(Trip_Detail!$R:$R,Trip_Detail!$C:$C,A4,Trip_Detail!$C:$C,">="&DATE(2026,4,12),Trip_Detail!$C:$C,"<="&DATE(2026,4,15))*Billing_Inputs!$B$3 | G4: =SUMIFS(Trip_Detail!$S:$S,Trip_Detail!$C:$C,A4)*Billing_Inputs!$B$4 | H4: =SUMIFS(Trip_Detail!$T:$T,Trip_Detail!$C:$C,A4)*Billing_Inputs!$B$5 | I4: =IF(Billing_Inputs!$B$8="",(SUMIFS(Trip_Detail!$R:$R,Trip_Detail!$C:$C,A4,Trip_Detail!$C:$C,"<="&DATE(2026,4,11))*Billing_Inputs!$B$2+SUMIFS(Trip_Detail!$R:$R,Trip_Detail!$C:$C,A4,Trip_Detail!$C:$C,">="&DATE(2026,4,12),Trip_Detail!$C:$C,"<="&DATE(2026,4,15))*Billing_Inputs!$B$3)/MAX(1,E4)*E4,E4*Billing_Inputs!$B$8) | J4: =F4+G4+H4+I4
A5: 2026-04-12 | B5: 5 | C5: 6 | D5: 10 | E5: 4 | F5: =SUMIFS(Trip_Detail!$R:$R,Trip_Detail!$C:$C,A5,Trip_Detail!$C:$C,"<="&DATE(2026,4,11))*Billing_Inputs!$B$2+SUMIFS(Trip_Detail!$R:$R,Trip_Detail!$C:$C,A5,Trip_Detail!$C:$C,">="&DATE(2026,4,12),Trip_Detail!$C:$C,"<="&DATE(2026,4,15))*Billing_Inputs!$B$3 | G5: =SUMIFS(Trip_Detail!$S:$S,Trip_Detail!$C:$C,A5)*Billing_Inputs!$B$4 | H5: =SUMIFS(Trip_Detail!$T:$T,Trip_Detail!$C:$C,A5)*Billing_Inputs!$B$5 | I5: =IF(Billing_Inputs!$B$8="",(SUMIFS(Trip_Detail!$R:$R,Trip_Detail!$C:$C,A5,Trip_Detail!$C:$C,"<="&DATE(2026,4,11))*Billing_Inputs!$B$2+SUMIFS(Trip_Detail!$R:$R,Trip_Detail!$C:$C,A5,Trip_Detail!$C:$C,">="&DATE(2026,4,12),Trip_Detail!$C:$C,"<="&DATE(2026,4,15))*Billing_Inputs!$B$3)/MAX(1,E5)*E5,E5*Billing_Inputs!$B$8) | J5: =F5+G5+H5+I5
A6: 2026-04-13 | B6: 5 | C6: 10 | D6: 10 | E6: 0 | F6: =SUMIFS(Trip_Detail!$R:$R,Trip_Detail!$C:$C,A6,Trip_Detail!$C:$C,"<="&DATE(2026,4,11))*Billing_Inputs!$B$2+SUMIFS(Trip_Detail!$R:$R,Trip_Detail!$C:$C,A6,Trip_Detail!$C:$C,">="&DATE(2026,4,12),Trip_Detail!$C:$C,"<="&DATE(2026,4,15))*Billing_Inputs!$B$3 | G6: =SUMIFS(Trip_Detail!$S:$S,Trip_Detail!$C:$C,A6)*Billing_Inputs!$B$4 | H6: =SUMIFS(Trip_Detail!$T:$T,Trip_Detail!$C:$C,A6)*Billing_Inputs!$B$5 | I6: =IF(Billing_Inputs!$B$8="",(SUMIFS(Trip_Detail!$R:$R,Trip_Detail!$C:$C,A6,Trip_Detail!$C:$C,"<="&DATE(2026,4,11))*Billing_Inputs!$B$2+SUMIFS(Trip_Detail!$R:$R,Trip_Detail!$C:$C,A6,Trip_Detail!$C:$C,">="&DATE(2026,4,12),Trip_Detail!$C:$C,"<="&DATE(2026,4,15))*Billing_Inputs!$B$3)/MAX(1,E6)*E6,E6*Billing_Inputs!$B$8) | J6: =F6+G6+H6+I6
A7: 2026-04-14 | B7: 4 | C7: 7 | D7: 8 | E7: 1 | F7: =SUMIFS(Trip_Detail!$R:$R,Trip_Detail!$C:$C,A7,Trip_Detail!$C:$C,"<="&DATE(2026,4,11))*Billing_Inputs!$B$2+SUMIFS(Trip_Detail!$R:$R,Trip_Detail!$C:$C,A7,Trip_Detail!$C:$C,">="&DATE(2026,4,12),Trip_Detail!$C:$C,"<="&DATE(2026,4,15))*Billing_Inputs!$B$3 | G7: =SUMIFS(Trip_Detail!$S:$S,Trip_Detail!$C:$C,A7)*Billing_Inputs!$B$4 | H7: =SUMIFS(Trip_Detail!$T:$T,Trip_Detail!$C:$C,A7)*Billing_Inputs!$B$5 | I7: =IF(Billing_Inputs!$B$8="",(SUMIFS(Trip_Detail!$R:$R,Trip_Detail!$C:$C,A7,Trip_Detail!$C:$C,"<="&DATE(2026,4,11))*Billing_Inputs!$B$2+SUMIFS(Trip_Detail!$R:$R,Trip_Detail!$C:$C,A7,Trip_Detail!$C:$C,">="&DATE(2026,4,12),Trip_Detail!$C:$C,"<="&DATE(2026,4,15))*Billing_Inputs!$B$3)/MAX(1,E7)*E7,E7*Billing_Inputs!$B$8) | J7: =F7+G7+H7+I7
A8: 2026-04-15 | B8: 5 | C8: 8 | D8: 10 | E8: 2 | F8: =SUMIFS(Trip_Detail!$R:$R,Trip_Detail!$C:$C,A8,Trip_Detail!$C:$C,"<="&DATE(2026,4,11))*Billing_Inputs!$B$2+SUMIFS(Trip_Detail!$R:$R,Trip_Detail!$C:$C,A8,Trip_Detail!$C:$C,">="&DATE(2026,4,12),Trip_Detail!$C:$C,"<="&DATE(2026,4,15))*Billing_Inputs!$B$3 | G8: =SUMIFS(Trip_Detail!$S:$S,Trip_Detail!$C:$C,A8)*Billing_Inputs!$B$4 | H8: =SUMIFS(Trip_Detail!$T:$T,Trip_Detail!$C:$C,A8)*Billing_Inputs!$B$5 | I8: =IF(Billing_Inputs!$B$8="",(SUMIFS(Trip_Detail!$R:$R,Trip_Detail!$C:$C,A8,Trip_Detail!$C:$C,"<="&DATE(2026,4,11))*Billing_Inputs!$B$2+SUMIFS(Trip_Detail!$R:$R,Trip_Detail!$C:$C,A8,Trip_Detail!$C:$C,">="&DATE(2026,4,12),Trip_Detail!$C:$C,"<="&DATE(2026,4,15))*Billing_Inputs!$B$3)/MAX(1,E8)*E8,E8*Billing_Inputs!$B$8) | J8: =F8+G8+H8+I8
A9: 2026-04-16 | B9: 5 | C9: 9 | D9: 10 | E9: 1 | F9: =SUMIFS(Trip_Detail!$R:$R,Trip_Detail!$C:$C,A9,Trip_Detail!$C:$C,"<="&DATE(2026,4,11))*Billing_Inputs!$B$2+SUMIFS(Trip_Detail!$R:$R,Trip_Detail!$C:$C,A9,Trip_Detail!$C:$C,">="&DATE(2026,4,12),Trip_Detail!$C:$C,"<="&DATE(2026,4,15))*Billing_Inputs!$B$3 | G9: =SUMIFS(Trip_Detail!$S:$S,Trip_Detail!$C:$C,A9)*Billing_Inputs!$B$4 | H9: =SUMIFS(Trip_Detail!$T:$T,Trip_Detail!$C:$C,A9)*Billing_Inputs!$B$5 | I9: =IF(Billing_Inputs!$B$8="",(SUMIFS(Trip_Detail!$R:$R,Trip_Detail!$C:$C,A9,Trip_Detail!$C:$C,"<="&DATE(2026,4,11))*Billing_Inputs!$B$2+SUMIFS(Trip_Detail!$R:$R,Trip_Detail!$C:$C,A9,Trip_Detail!$C:$C,">="&DATE(2026,4,12),Trip_Detail!$C:$C,"<="&DATE(2026,4,15))*Billing_Inputs!$B$3)/MAX(1,E9)*E9,E9*Billing_Inputs!$B$8) | J9: =F9+G9+H9+I9
A10: 2026-04-17 | B10: 5 | C10: 5 | D10: 10 | E10: 5 | F10: =SUMIFS(Trip_Detail!$R:$R,Trip_Detail!$C:$C,A10,Trip_Detail!$C:$C,"<="&DATE(2026,4,11))*Billing_Inputs!$B$2+SUMIFS(Trip_Detail!$R:$R,Trip_Detail!$C:$C,A10,Trip_Detail!$C:$C,">="&DATE(2026,4,12),Trip_Detail!$C:$C,"<="&DATE(2026,4,15))*Billing_Inputs!$B$3 | G10: =SUMIFS(Trip_Detail!$S:$S,Trip_Detail!$C:$C,A10)*Billing_Inputs!$B$4 | H10: =SUMIFS(Trip_Detail!$T:$T,Trip_Detail!$C:$C,A10)*Billing_Inputs!$B$5 | I10: =IF(Billing_Inputs!$B$8="",(SUMIFS(Trip_Detail!$R:$R,Trip_Detail!$C:$C,A10,Trip_Detail!$C:$C,"<="&DATE(2026,4,11))*Billing_Inputs!$B$2+SUMIFS(Trip_Detail!$R:$R,Trip_Detail!$C:$C,A10,Trip_Detail!$C:$C,">="&DATE(2026,4,12),Trip_Detail!$C:$C,"<="&DATE(2026,4,15))*Billing_Inputs!$B$3)/MAX(1,E10)*E10,E10*Billing_Inputs!$B$8) | J10: =F10+G10+H10+I10

Sheet Daily_Time_24h_Check
A1: Activity_Date | B1: Plate | C1: Site | D1: Matched_Cycle_h | E1: Unmatched_Origin_h | F1: Unmatched_Dest_h | G1: Unmatched_Total_h | H1: Combined_h | I1: Gap_vs_24_h
A2: 2026-04-09 | B2: 71-8001 | C2: BigC | D2: 19.18 | E2: 0 | F2: 0 | G2: 0 | H2: 19.18 | I2: 4.82
A3: 2026-04-09 | B3: 71-8002 | C3: BigC | D3: 18.98 | E3: 0 | F3: 0 | G3: 0 | H3: 18.98 | I3: 5.02
A4: 2026-04-10 | B4: 71-5041 | C4: BigC | D4: 21.94 | E4: 0 | F4: 0 | G4: 0 | H4: 21.94 | I4: 2.06
A5: 2026-04-10 | B5: 71-8001 | C5: BigC | D5: 20.9 | E5: 0 | F5: 0 | G5: 0 | H5: 20.9 | I5: 3.1
A6: 2026-04-10 | B6: 71-8002 | C6: BigC | D6: 24.42 | E6: 0 | F6: 0 | G6: 0 | H6: 24.42 | I6: -0.42
A7: 2026-04-10 | B7: 71-8003 | C7: BigC | D7: 24 | E7: 0 | F7: 0 | G7: 0 | H7: 24 | I7: 0
A8: 2026-04-10 | B8: 71-8683 | C8: LCB | D8: 21.59 | E8: 0 | F8: 0 | G8: 0 | H8: 21.59 | I8: 2.41
A9: 2026-04-10 | B9: 71-8684 | C9: LCB | D9: 12.24 | E9: 0 | F9: 0 | G9: 0 | H9: 12.24 | I9: 11.76
A10: 2026-04-11 | B10: 71-5041 | C10: BigC | D10: 13.24 | E10: 0 | F10: 0 | G10: 0 | H10: 13.24 | I10: 10.76
A11: 2026-04-11 | B11: 71-8001 | C11: BigC | D11: 27.06 | E11: 0 | F11: 0 | G11: 0 | H11: 27.06 | I11: -3.06
A12: 2026-04-11 | B12: 71-8002 | C12: BigC | D12: 21.59 | E12: 0 | F12: 0 | G12: 0 | H12: 21.59 | I12: 2.41
A13: 2026-04-11 | B13: 71-8003 | C13: BigC | D13: 22.12 | E13: 0 | F13: 0 | G13: 0 | H13: 22.12 | I13: 1.88
... A43: 2026-04-17 | B43: 72-1217 | C43: LCB | D43: 3.65 | E43: 0.46 | F43: 0 | G43: 0.46 | H43: 4.11 | I43: 19.89
